source_url,raw_text,category_url,updated_at
https://www.ciampai.com/,Traemos para ti materias primas de todo el mundo,"",2026-01-05T01:37:21.197865
https://www.ciampai.com/,Traemos para ti materias primas de todo el mundo,"",2026-01-05T01:37:21.197865
https://www.ciampai.com/,QUIÉNES SOMOS,"",2026-01-05T01:37:21.197865
https://www.ciampai.com/,QUIÉNES SOMOS,"",2026-01-05T01:37:21.197865
https://www.ciampai.com/,QUIÉNES SOMOS,"",2026-01-05T01:37:21.197865
https://www.ciampai.com/,"Somos una empresa con amplia experiencia, 32 años en suministro de materias primas para diversas industrias.","",2026-01-05T01:37:21.197865
https://www.ciampai.com/,"Somos una empresa con amplia experiencia, 32 años en suministro de materias primas para diversas industrias.","",2026-01-05T01:37:21.197865
https://www.ciampai.com/,"Somos una empresa con amplia experiencia, 32 años en suministro de materias primas para diversas industrias.","",2026-01-05T01:37:21.197865
https://www.ciampai.com/,Con centro logístico de 10.000 M2 de almacenamiento exclusivo estratégicamente ubicado en el centro del país. Equipo calificado para soporte comercial y técnico. Rutas semanales para todo el país con capacidad de despacho de 29.000 Kg diarios. Mas de 400 clientes a nivel nacional. Contamos con múltiples proveedores reconocidos internacionalmente que nos permiten garantizar una amplia gama de productos y seguridad de suministro.,"",2026-01-05T01:37:21.197865
https://www.ciampai.com/,Con centro logístico de 10.000 M2 de almacenamiento exclusivo estratégicamente ubicado en el centro del país. Equipo calificado para soporte comercial y técnico. Rutas semanales para todo el país con capacidad de despacho de 29.000 Kg diarios. Mas de 400 clientes a nivel nacional. Contamos con múltiples proveedores reconocidos internacionalmente que nos permiten garantizar una amplia gama de productos y seguridad de suministro.,"",2026-01-05T01:37:21.197865
https://www.ciampai.com/,Con centro logístico de 10.000 M2 de almacenamiento exclusivo estratégicamente ubicado en el centro del país. Equipo calificado para soporte comercial y técnico. Rutas semanales para todo el país con capacidad de despacho de 29.000 Kg diarios. Mas de 400 clientes a nivel nacional. Contamos con múltiples proveedores reconocidos internacionalmente que nos permiten garantizar una amplia gama de productos y seguridad de suministro.,"",2026-01-05T01:37:21.197865
https://www.ciampai.com/,NUESTROS PRODUCTOS,"",2026-01-05T01:37:21.197865
https://www.ciampai.com/,NUESTROS PRODUCTOS,"",2026-01-05T01:37:21.197865
https://www.ciampai.com/,NUESTROS PRODUCTOS,"",2026-01-05T01:37:21.197865
https://www.ciampai.com/,¿Qué ofrecemos?,"",2026-01-05T01:37:21.197865
https://www.ciampai.com/,¿Qué ofrecemos?,"",2026-01-05T01:37:21.197865
https://www.ciampai.com/,¿Qué ofrecemos?,"",2026-01-05T01:37:21.197865
https://www.ciampai.com/,POLIURETANO,"",2026-01-05T01:37:21.197865
https://www.ciampai.com/,POLIURETANO,"",2026-01-05T01:37:21.197865
https://www.ciampai.com/,POLIURETANO,"",2026-01-05T01:37:21.197865
https://www.ciampai.com/,Polioles Poliol Convencional Poliol Polimérico Poliol Viscoelástico Tolueno Diisocianato (TDI) Surfactantes de Silicona Catalizadores Metálicos Catalizadores de Amina Cloruro de Metileno Retardantes de flama Colorantes,"",2026-01-05T01:37:21.197865
https://www.ciampai.com/,Polioles Poliol Convencional Poliol Polimérico Poliol Viscoelástico Tolueno Diisocianato (TDI) Surfactantes de Silicona Catalizadores Metálicos Catalizadores de Amina Cloruro de Metileno Retardantes de flama Colorantes,"",2026-01-05T01:37:21.197865
https://www.ciampai.com/,Polioles Poliol Convencional Poliol Polimérico Poliol Viscoelástico Tolueno Diisocianato (TDI) Surfactantes de Silicona Catalizadores Metálicos Catalizadores de Amina Cloruro de Metileno Retardantes de flama Colorantes,"",2026-01-05T01:37:21.197865
https://www.ciampai.com/,CAUCHO,"",2026-01-05T01:37:21.197865
https://www.ciampai.com/,CAUCHO,"",2026-01-05T01:37:21.197865
https://www.ciampai.com/,CAUCHO,"",2026-01-05T01:37:21.197865
https://www.ciampai.com/,Cauchos Sintéticos,"",2026-01-05T01:37:21.197865
https://www.ciampai.com/,Cauchos Sintéticos,"",2026-01-05T01:37:21.197865
https://www.ciampai.com/,SBR – Estireno Butadieno,"",2026-01-05T01:37:21.197865
https://www.ciampai.com/,SBR – Estireno Butadieno,"",2026-01-05T01:37:21.197865
https://www.ciampai.com/,BR- Polibutadieno,"",2026-01-05T01:37:21.197865
https://www.ciampai.com/,BR- Polibutadieno,"",2026-01-05T01:37:21.197865
https://www.ciampai.com/,Nitrilo – Acrilonitrilo Butadieno,"",2026-01-05T01:37:21.197865
https://www.ciampai.com/,Nitrilo – Acrilonitrilo Butadieno,"",2026-01-05T01:37:21.197865
https://www.ciampai.com/,Nitrilo en Polvo Aplicaciones en frenos y PVC.,"",2026-01-05T01:37:21.197865
https://www.ciampai.com/,Nitrilo en Polvo Aplicaciones en frenos y PVC.,"",2026-01-05T01:37:21.197865
https://www.ciampai.com/,EPDM – Etileno Propileno Dieno,"",2026-01-05T01:37:21.197865
https://www.ciampai.com/,EPDM – Etileno Propileno Dieno,"",2026-01-05T01:37:21.197865
https://www.ciampai.com/,EPM– Etileno Propileno Mejorador de viscosidad para Lubricantes VII,"",2026-01-05T01:37:21.197865
https://www.ciampai.com/,EPM– Etileno Propileno Mejorador de viscosidad para Lubricantes VII,"",2026-01-05T01:37:21.197865
https://www.ciampai.com/,CR- Cloro Butadieno,"",2026-01-05T01:37:21.197865
https://www.ciampai.com/,CR- Cloro Butadieno,"",2026-01-05T01:37:21.197865
https://www.ciampai.com/,EVM- Etileno vinil acetato,"",2026-01-05T01:37:21.197865
https://www.ciampai.com/,EVM- Etileno vinil acetato,"",2026-01-05T01:37:21.197865
https://www.ciampai.com/,Especialidades,"",2026-01-05T01:37:21.197865
https://www.ciampai.com/,Especialidades,"",2026-01-05T01:37:21.197865
https://www.ciampai.com/,"Caucho Natural  (SGR-10, SVR-10, RSS3, SVR-3L)","",2026-01-05T01:37:21.197865
https://www.ciampai.com/,"Caucho Natural  (SGR-10, SVR-10, RSS3, SVR-3L)","",2026-01-05T01:37:21.197865
https://www.ciampai.com/,"Latex Natural (Pre Vulcanizado, alto y bajo Amonio)","",2026-01-05T01:37:21.197865
https://www.ciampai.com/,"Latex Natural (Pre Vulcanizado, alto y bajo Amonio)","",2026-01-05T01:37:21.197865
https://www.ciampai.com/,Químicos,"",2026-01-05T01:37:21.197865
https://www.ciampai.com/,Químicos,"",2026-01-05T01:37:21.197865
https://www.ciampai.com/,Acelerantes de vulcanización,"",2026-01-05T01:37:21.197865
https://www.ciampai.com/,Acelerantes de vulcanización,"",2026-01-05T01:37:21.197865
https://www.ciampai.com/,"Antioxidantes para caucho, Latex y Adhesivo de Cloropreno","",2026-01-05T01:37:21.197865
https://www.ciampai.com/,"Antioxidantes para caucho, Latex y Adhesivo de Cloropreno","",2026-01-05T01:37:21.197865
https://www.ciampai.com/,Predispersos y aditivos,"",2026-01-05T01:37:21.197865
https://www.ciampai.com/,Predispersos y aditivos,"",2026-01-05T01:37:21.197865
https://www.ciampai.com/,Promotores de proceso,"",2026-01-05T01:37:21.197865
https://www.ciampai.com/,Promotores de proceso,"",2026-01-05T01:37:21.197865
https://www.ciampai.com/,Aplicaciones para látex,"",2026-01-05T01:37:21.197865
https://www.ciampai.com/,Aplicaciones para látex,"",2026-01-05T01:37:21.197865
https://www.ciampai.com/,Ceras antiozonantes,"",2026-01-05T01:37:21.197865
https://www.ciampai.com/,Ceras antiozonantes,"",2026-01-05T01:37:21.197865
https://www.ciampai.com/,Anti adherente,"",2026-01-05T01:37:21.197865
https://www.ciampai.com/,Anti adherente,"",2026-01-05T01:37:21.197865
https://www.ciampai.com/,Óxido de Zinc,"",2026-01-05T01:37:21.197865
https://www.ciampai.com/,Óxido de Zinc,"",2026-01-05T01:37:21.197865
https://www.ciampai.com/,Azufre,"",2026-01-05T01:37:21.197865
https://www.ciampai.com/,Azufre,"",2026-01-05T01:37:21.197865
https://www.ciampai.com/,Sílica precipitada,"",2026-01-05T01:37:21.197865
https://www.ciampai.com/,Sílica precipitada,"",2026-01-05T01:37:21.197865
https://www.ciampai.com/,FARMACIA,"",2026-01-05T01:37:21.197865
https://www.ciampai.com/,FARMACIA,"",2026-01-05T01:37:21.197865
https://www.ciampai.com/,FARMACIA,"",2026-01-05T01:37:21.197865
https://www.ciampai.com/,Excipientes Principios Activos,"",2026-01-05T01:37:21.197865
https://www.ciampai.com/,Excipientes Principios Activos,"",2026-01-05T01:37:21.197865
https://www.ciampai.com/,PERSONAL & HOME CARE,"",2026-01-05T01:37:21.197865
https://www.ciampai.com/,PERSONAL & HOME CARE,"",2026-01-05T01:37:21.197865
https://www.ciampai.com/,PERSONAL & HOME CARE,"",2026-01-05T01:37:21.197865
https://www.ciampai.com/,Alcohol Etílico Alcoholes y Ácidos Grasos Activos Aminas Surfactantes no Iónicos Surfactantes Aniónicos Surfactantes Anfóteros Acondicionadores Humectantes Preservantes Siliconas Carbomer Emolientes Solventes Soda Caustica,"",2026-01-05T01:37:21.197865
https://www.ciampai.com/,Alcohol Etílico Alcoholes y Ácidos Grasos Activos Aminas Surfactantes no Iónicos Surfactantes Aniónicos Surfactantes Anfóteros Acondicionadores Humectantes Preservantes Siliconas Carbomer Emolientes Solventes Soda Caustica,"",2026-01-05T01:37:21.197865
https://www.ciampai.com/,Alcohol Etílico Alcoholes y Ácidos Grasos Activos Aminas Surfactantes no Iónicos Surfactantes Aniónicos Surfactantes Anfóteros Acondicionadores Humectantes Preservantes Siliconas Carbomer Emolientes Solventes Soda Caustica,"",2026-01-05T01:37:21.197865
https://www.ciampai.com/,SOLDADURA,"",2026-01-05T01:37:21.197865
https://www.ciampai.com/,SOLDADURA,"",2026-01-05T01:37:21.197865
https://www.ciampai.com/,SOLDADURA,"",2026-01-05T01:37:21.197865
https://www.ciampai.com/,Alambre MIG Electrodos Comunes Electrodos Especiales,"",2026-01-05T01:37:21.197865
https://www.ciampai.com/,Alambre MIG Electrodos Comunes Electrodos Especiales,"",2026-01-05T01:37:21.197865
https://www.ciampai.com/,POR QUÉ CIAMPAI?,"",2026-01-05T01:37:21.197865
https://www.ciampai.com/,POR QUÉ CIAMPAI?,"",2026-01-05T01:37:21.197865
https://www.ciampai.com/,POR QUÉ CIAMPAI?,"",2026-01-05T01:37:21.197865
https://www.ciampai.com/,POR QUÉ CIAMPAI?,"",2026-01-05T01:37:21.197865
https://www.ciampai.com/,POR QUÉ CIAMPAI?,"",2026-01-05T01:37:21.197865
https://www.ciampai.com/,Amplio portafolio desde commodities hasta especialidades,"",2026-01-05T01:37:21.197865
https://www.ciampai.com/,Amplio portafolio desde commodities hasta especialidades,"",2026-01-05T01:37:21.197865
https://www.ciampai.com/,Amplio portafolio desde commodities hasta especialidades,"",2026-01-05T01:37:21.197865
https://www.ciampai.com/,Amplio portafolio desde commodities hasta especialidades,"",2026-01-05T01:37:21.197865
https://www.ciampai.com/,Amplio portafolio desde commodities hasta especialidades,"",2026-01-05T01:37:21.197865
https://www.ciampai.com/,Amplio portafolio desde commodities hasta especialidades,"",2026-01-05T01:37:21.197865
https://www.ciampai.com/,Buena reputación con clientes,"",2026-01-05T01:37:21.197865
https://www.ciampai.com/,Buena reputación con clientes,"",2026-01-05T01:37:21.197865
https://www.ciampai.com/,Buena reputación con clientes,"",2026-01-05T01:37:21.197865
https://www.ciampai.com/,Buena reputación con clientes,"",2026-01-05T01:37:21.197865
https://www.ciampai.com/,Buena reputación con clientes,"",2026-01-05T01:37:21.197865
https://www.ciampai.com/,Buena reputación con clientes,"",2026-01-05T01:37:21.197865
https://www.ciampai.com/,Soluciones adaptadas a las necesidades de cada cliente,"",2026-01-05T01:37:21.197865
https://www.ciampai.com/,Soluciones adaptadas a las necesidades de cada cliente,"",2026-01-05T01:37:21.197865
https://www.ciampai.com/,Soluciones adaptadas a las necesidades de cada cliente,"",2026-01-05T01:37:21.197865
https://www.ciampai.com/,Soluciones adaptadas a las necesidades de cada cliente,"",2026-01-05T01:37:21.197865
https://www.ciampai.com/,Soluciones adaptadas a las necesidades de cada cliente,"",2026-01-05T01:37:21.197865
https://www.ciampai.com/,Soluciones adaptadas a las necesidades de cada cliente,"",2026-01-05T01:37:21.197865
https://www.ciampai.com/,"Experimentado equipo de ingenieros que ofrecen asistencia técnica en formulación, control de calidad y procesos","",2026-01-05T01:37:21.197865
https://www.ciampai.com/,"Experimentado equipo de ingenieros que ofrecen asistencia técnica en formulación, control de calidad y procesos","",2026-01-05T01:37:21.197865
https://www.ciampai.com/,"Experimentado equipo de ingenieros que ofrecen asistencia técnica en formulación, control de calidad y procesos","",2026-01-05T01:37:21.197865
https://www.ciampai.com/,"Experimentado equipo de ingenieros que ofrecen asistencia técnica en formulación, control de calidad y procesos","",2026-01-05T01:37:21.197865
https://www.ciampai.com/,"Experimentado equipo de ingenieros que ofrecen asistencia técnica en formulación, control de calidad y procesos","",2026-01-05T01:37:21.197865
https://www.ciampai.com/,"Experimentado equipo de ingenieros que ofrecen asistencia técnica en formulación, control de calidad y procesos","",2026-01-05T01:37:21.197865
https://www.ciampai.com/,"Acompañamiento en desarrollo de productos (búsqueda de materias primas, certificados, envío de muestras)","",2026-01-05T01:37:21.197865
https://www.ciampai.com/,"Acompañamiento en desarrollo de productos (búsqueda de materias primas, certificados, envío de muestras)","",2026-01-05T01:37:21.197865
https://www.ciampai.com/,"Acompañamiento en desarrollo de productos (búsqueda de materias primas, certificados, envío de muestras)","",2026-01-05T01:37:21.197865
https://www.ciampai.com/,"Acompañamiento en desarrollo de productos (búsqueda de materias primas, certificados, envío de muestras)","",2026-01-05T01:37:21.197865
https://www.ciampai.com/,"Acompañamiento en desarrollo de productos (búsqueda de materias primas, certificados, envío de muestras)","",2026-01-05T01:37:21.197865
https://www.ciampai.com/,"Acompañamiento en desarrollo de productos (búsqueda de materias primas, certificados, envío de muestras)","",2026-01-05T01:37:21.197865
https://www.ciampai.com/,Relación personal a largo plazo con proveedores y clientes,"",2026-01-05T01:37:21.197865
https://www.ciampai.com/,Relación personal a largo plazo con proveedores y clientes,"",2026-01-05T01:37:21.197865
https://www.ciampai.com/,Relación personal a largo plazo con proveedores y clientes,"",2026-01-05T01:37:21.197865
https://www.ciampai.com/,Relación personal a largo plazo con proveedores y clientes,"",2026-01-05T01:37:21.197865
https://www.ciampai.com/,Relación personal a largo plazo con proveedores y clientes,"",2026-01-05T01:37:21.197865
https://www.ciampai.com/,Relación personal a largo plazo con proveedores y clientes,"",2026-01-05T01:37:21.197865
https://www.ciampai.com/,Materia prima de calidad a precios competitivos,"",2026-01-05T01:37:21.197865
https://www.ciampai.com/,Materia prima de calidad a precios competitivos,"",2026-01-05T01:37:21.197865
https://www.ciampai.com/,Materia prima de calidad a precios competitivos,"",2026-01-05T01:37:21.197865
https://www.ciampai.com/,Materia prima de calidad a precios competitivos,"",2026-01-05T01:37:21.197865
https://www.ciampai.com/,Materia prima de calidad a precios competitivos,"",2026-01-05T01:37:21.197865
https://www.ciampai.com/,Materia prima de calidad a precios competitivos,"",2026-01-05T01:37:21.197865
https://www.ciampai.com/,Crédito con clientes establecidos,"",2026-01-05T01:37:21.197865
https://www.ciampai.com/,Crédito con clientes establecidos,"",2026-01-05T01:37:21.197865
https://www.ciampai.com/,Crédito con clientes establecidos,"",2026-01-05T01:37:21.197865
https://www.ciampai.com/,Crédito con clientes establecidos,"",2026-01-05T01:37:21.197865
https://www.ciampai.com/,Crédito con clientes establecidos,"",2026-01-05T01:37:21.197865
https://www.ciampai.com/,Crédito con clientes establecidos,"",2026-01-05T01:37:21.197865
https://www.ciampai.com/,Flexibilidad en volúmenes solicitados,"",2026-01-05T01:37:21.197865
https://www.ciampai.com/,Flexibilidad en volúmenes solicitados,"",2026-01-05T01:37:21.197865
https://www.ciampai.com/,Flexibilidad en volúmenes solicitados,"",2026-01-05T01:37:21.197865
https://www.ciampai.com/,Flexibilidad en volúmenes solicitados,"",2026-01-05T01:37:21.197865
https://www.ciampai.com/,Flexibilidad en volúmenes solicitados,"",2026-01-05T01:37:21.197865
https://www.ciampai.com/,Flexibilidad en volúmenes solicitados,"",2026-01-05T01:37:21.197865
https://www.ciampai.com/,"Sostenibilidad, economía circular: Aportamos alternativas para evitar el único uso de contenedores","",2026-01-05T01:37:21.197865
https://www.ciampai.com/,"Sostenibilidad, economía circular: Aportamos alternativas para evitar el único uso de contenedores","",2026-01-05T01:37:21.197865
https://www.ciampai.com/,"Sostenibilidad, economía circular: Aportamos alternativas para evitar el único uso de contenedores","",2026-01-05T01:37:21.197865
https://www.ciampai.com/,"Sostenibilidad, economía circular: Aportamos alternativas para evitar el único uso de contenedores","",2026-01-05T01:37:21.197865
https://www.ciampai.com/,"Sostenibilidad, economía circular: Aportamos alternativas para evitar el único uso de contenedores","",2026-01-05T01:37:21.197865
https://www.ciampai.com/,"Sostenibilidad, economía circular: Aportamos alternativas para evitar el único uso de contenedores","",2026-01-05T01:37:21.197865
https://www.ciampai.com/,Confiabilidad,"",2026-01-05T01:37:21.197865
https://www.ciampai.com/,Confiabilidad,"",2026-01-05T01:37:21.197865
https://www.ciampai.com/,Confiabilidad,"",2026-01-05T01:37:21.197865
https://www.ciampai.com/,Confiabilidad,"",2026-01-05T01:37:21.197865
https://www.ciampai.com/,Confiabilidad,"",2026-01-05T01:37:21.197865
https://www.ciampai.com/,Confiabilidad,"",2026-01-05T01:37:21.197865
https://www.ciampai.com/,Continuidad en el suministro​,"",2026-01-05T01:37:21.197865
https://www.ciampai.com/,Continuidad en el suministro​,"",2026-01-05T01:37:21.197865
https://www.ciampai.com/,Continuidad en el suministro​,"",2026-01-05T01:37:21.197865
https://www.ciampai.com/,Continuidad en el suministro​,"",2026-01-05T01:37:21.197865
https://www.ciampai.com/,Continuidad en el suministro​,"",2026-01-05T01:37:21.197865
https://www.ciampai.com/,Continuidad en el suministro​,"",2026-01-05T01:37:21.197865
https://www.ciampai.com/,Cumplimos con todas las normas venezolanas e internacionales,"",2026-01-05T01:37:21.197865
https://www.ciampai.com/,Cumplimos con todas las normas venezolanas e internacionales,"",2026-01-05T01:37:21.197865
https://www.ciampai.com/,Cumplimos con todas las normas venezolanas e internacionales,"",2026-01-05T01:37:21.197865
https://www.ciampai.com/,Cumplimos con todas las normas venezolanas e internacionales,"",2026-01-05T01:37:21.197865
https://www.ciampai.com/,Cumplimos con todas las normas venezolanas e internacionales,"",2026-01-05T01:37:21.197865
https://www.ciampai.com/,Cumplimos con todas las normas venezolanas e internacionales,"",2026-01-05T01:37:21.197865
https://www.ciampai.com/,Apoyo de inventario local,"",2026-01-05T01:37:21.197865
https://www.ciampai.com/,Apoyo de inventario local,"",2026-01-05T01:37:21.197865
https://www.ciampai.com/,Apoyo de inventario local,"",2026-01-05T01:37:21.197865
https://www.ciampai.com/,Apoyo de inventario local,"",2026-01-05T01:37:21.197865
https://www.ciampai.com/,Apoyo de inventario local,"",2026-01-05T01:37:21.197865
https://www.ciampai.com/,Apoyo de inventario local,"",2026-01-05T01:37:21.197865
https://www.ciampai.com/,Ofrecemos ventas directas,"",2026-01-05T01:37:21.197865
https://www.ciampai.com/,Ofrecemos ventas directas,"",2026-01-05T01:37:21.197865
https://www.ciampai.com/,Ofrecemos ventas directas,"",2026-01-05T01:37:21.197865
https://www.ciampai.com/,Ofrecemos ventas directas,"",2026-01-05T01:37:21.197865
https://www.ciampai.com/,Ofrecemos ventas directas,"",2026-01-05T01:37:21.197865
https://www.ciampai.com/,Nuestro Equipo,"",2026-01-05T01:37:21.197865
https://www.ciampai.com/,Nuestro Equipo,"",2026-01-05T01:37:21.197865
https://www.ciampai.com/,Nuestro Equipo,"",2026-01-05T01:37:21.197865
https://www.ciampai.com/,Nuestro Equipo,"",2026-01-05T01:37:21.197865
https://www.ciampai.com/,Nuestro Equipo,"",2026-01-05T01:37:21.197865
https://www.ciampai.com/,Experiencia,"",2026-01-05T01:37:21.197865
https://www.ciampai.com/,Experiencia,"",2026-01-05T01:37:21.197865
https://www.ciampai.com/,Experiencia,"",2026-01-05T01:37:21.197865
https://www.ciampai.com/,Experiencia,"",2026-01-05T01:37:21.197865
https://www.ciampai.com/,32 años en el mercado venezolano,"",2026-01-05T01:37:21.197865
https://www.ciampai.com/,32 años en el mercado venezolano,"",2026-01-05T01:37:21.197865
https://www.ciampai.com/,32 años en el mercado venezolano,"",2026-01-05T01:37:21.197865
https://www.ciampai.com/,Nuestro equipo,"",2026-01-05T01:37:21.197865
https://www.ciampai.com/,Nuestro equipo,"",2026-01-05T01:37:21.197865
https://www.ciampai.com/,Nuestro equipo,"",2026-01-05T01:37:21.197865
https://www.ciampai.com/,Nuestro equipo,"",2026-01-05T01:37:21.197865
https://www.ciampai.com/,Equipo de liderazgo con un promedio,"",2026-01-05T01:37:21.197865
https://www.ciampai.com/,Equipo de liderazgo con un promedio,"",2026-01-05T01:37:21.197865
https://www.ciampai.com/,Equipo de liderazgo con un promedio,"",2026-01-05T01:37:21.197865
https://www.ciampai.com/,de mas de 15 años de experiencia en,"",2026-01-05T01:37:21.197865
https://www.ciampai.com/,de mas de 15 años de experiencia en,"",2026-01-05T01:37:21.197865
https://www.ciampai.com/,de mas de 15 años de experiencia en,"",2026-01-05T01:37:21.197865
https://www.ciampai.com/,la industria química,"",2026-01-05T01:37:21.197865
https://www.ciampai.com/,la industria química,"",2026-01-05T01:37:21.197865
https://www.ciampai.com/,la industria química,"",2026-01-05T01:37:21.197865
https://www.ciampai.com/,Equipo de ingenieros especializados,"",2026-01-05T01:37:21.197865
https://www.ciampai.com/,Equipo de ingenieros especializados,"",2026-01-05T01:37:21.197865
https://www.ciampai.com/,Equipo de ingenieros especializados,"",2026-01-05T01:37:21.197865
https://www.ciampai.com/,Equipo de ingenieros especializados,"",2026-01-05T01:37:21.197865
https://www.ciampai.com/,para cada uno de los mercados que,"",2026-01-05T01:37:21.197865
https://www.ciampai.com/,para cada uno de los mercados que,"",2026-01-05T01:37:21.197865
https://www.ciampai.com/,para cada uno de los mercados que,"",2026-01-05T01:37:21.197865
https://www.ciampai.com/,atendemos,"",2026-01-05T01:37:21.197865
https://www.ciampai.com/,atendemos,"",2026-01-05T01:37:21.197865
https://www.ciampai.com/,atendemos,"",2026-01-05T01:37:21.197865
https://www.ciampai.com/,Equipo de 20 personas,"",2026-01-05T01:37:21.197865
https://www.ciampai.com/,Equipo de 20 personas,"",2026-01-05T01:37:21.197865
https://www.ciampai.com/,Equipo de 20 personas,"",2026-01-05T01:37:21.197865
https://www.ciampai.com/,Equipo de 20 personas,"",2026-01-05T01:37:21.197865
https://www.ciampai.com/,con mas de 13 años de antigüedad promedio,"",2026-01-05T01:37:21.197865
https://www.ciampai.com/,con mas de 13 años de antigüedad promedio,"",2026-01-05T01:37:21.197865
https://www.ciampai.com/,con mas de 13 años de antigüedad promedio,"",2026-01-05T01:37:21.197865
https://www.ciampai.com/,Capacidad Instalada,"",2026-01-05T01:37:21.197865
https://www.ciampai.com/,Capacidad Instalada,"",2026-01-05T01:37:21.197865
https://www.ciampai.com/,Capacidad Instalada,"",2026-01-05T01:37:21.197865
https://www.ciampai.com/,Capacidad Instalada,"",2026-01-05T01:37:21.197865
https://www.ciampai.com/,Capacidad Instalada,"",2026-01-05T01:37:21.197865
https://www.ciampai.com/,10.000 m2,"",2026-01-05T01:37:21.197865
https://www.ciampai.com/,10.000 m2,"",2026-01-05T01:37:21.197865
https://www.ciampai.com/,10.000 m2,"",2026-01-05T01:37:21.197865
https://www.ciampai.com/,10.000 m2,"",2026-01-05T01:37:21.197865
https://www.ciampai.com/,almacén exclusivo para nuestros productos,"",2026-01-05T01:37:21.197865
https://www.ciampai.com/,almacén exclusivo para nuestros productos,"",2026-01-05T01:37:21.197865
https://www.ciampai.com/,almacén exclusivo para nuestros productos,"",2026-01-05T01:37:21.197865
https://www.ciampai.com/,Galpón de 2.000 m2,"",2026-01-05T01:37:21.197865
https://www.ciampai.com/,Galpón de 2.000 m2,"",2026-01-05T01:37:21.197865
https://www.ciampai.com/,Galpón de 2.000 m2,"",2026-01-05T01:37:21.197865
https://www.ciampai.com/,Galpón de 2.000 m2,"",2026-01-05T01:37:21.197865
https://www.ciampai.com/,en proceso de certificación de grado,"",2026-01-05T01:37:21.197865
https://www.ciampai.com/,en proceso de certificación de grado,"",2026-01-05T01:37:21.197865
https://www.ciampai.com/,en proceso de certificación de grado,"",2026-01-05T01:37:21.197865
https://www.ciampai.com/,farmacéutico,"",2026-01-05T01:37:21.197865
https://www.ciampai.com/,farmacéutico,"",2026-01-05T01:37:21.197865
https://www.ciampai.com/,farmacéutico,"",2026-01-05T01:37:21.197865
https://www.ciampai.com/,6 tanques de almacenamiento,"",2026-01-05T01:37:21.197865
https://www.ciampai.com/,6 tanques de almacenamiento,"",2026-01-05T01:37:21.197865
https://www.ciampai.com/,6 tanques de almacenamiento,"",2026-01-05T01:37:21.197865
https://www.ciampai.com/,6 tanques de almacenamiento,"",2026-01-05T01:37:21.197865
https://www.ciampai.com/,con capacidad superior a 150.000 kg,"",2026-01-05T01:37:21.197865
https://www.ciampai.com/,con capacidad superior a 150.000 kg,"",2026-01-05T01:37:21.197865
https://www.ciampai.com/,con capacidad superior a 150.000 kg,"",2026-01-05T01:37:21.197865
https://www.ciampai.com/,Almacenamiento en cuarto frio,"",2026-01-05T01:37:21.197865
https://www.ciampai.com/,Almacenamiento en cuarto frio,"",2026-01-05T01:37:21.197865
https://www.ciampai.com/,Almacenamiento en cuarto frio,"",2026-01-05T01:37:21.197865
https://www.ciampai.com/,Almacenamiento en cuarto frio,"",2026-01-05T01:37:21.197865
https://www.ciampai.com/,para productos que requieren temperatura,"",2026-01-05T01:37:21.197865
https://www.ciampai.com/,para productos que requieren temperatura,"",2026-01-05T01:37:21.197865
https://www.ciampai.com/,para productos que requieren temperatura,"",2026-01-05T01:37:21.197865
https://www.ciampai.com/,controladas en torno a 15 grados,"",2026-01-05T01:37:21.197865
https://www.ciampai.com/,controladas en torno a 15 grados,"",2026-01-05T01:37:21.197865
https://www.ciampai.com/,controladas en torno a 15 grados,"",2026-01-05T01:37:21.197865
https://www.ciampai.com/,Flota propia,"",2026-01-05T01:37:21.197865
https://www.ciampai.com/,Flota propia,"",2026-01-05T01:37:21.197865
https://www.ciampai.com/,Flota propia,"",2026-01-05T01:37:21.197865
https://www.ciampai.com/,Flota propia,"",2026-01-05T01:37:21.197865
https://www.ciampai.com/,29.000 kg de capacidad de transporte diario,"",2026-01-05T01:37:21.197865
https://www.ciampai.com/,29.000 kg de capacidad de transporte diario,"",2026-01-05T01:37:21.197865
https://www.ciampai.com/,29.000 kg de capacidad de transporte diario,"",2026-01-05T01:37:21.197865
https://www.ciampai.com/,Alcance Geográfico,"",2026-01-05T01:37:21.197865
https://www.ciampai.com/,Alcance Geográfico,"",2026-01-05T01:37:21.197865
https://www.ciampai.com/,Alcance Geográfico,"",2026-01-05T01:37:21.197865
https://www.ciampai.com/,Alcance Geográfico,"",2026-01-05T01:37:21.197865
https://www.ciampai.com/,Alcance Geográfico,"",2026-01-05T01:37:21.197865
https://www.ciampai.com/,400 clientes,"",2026-01-05T01:37:21.197865
https://www.ciampai.com/,400 clientes,"",2026-01-05T01:37:21.197865
https://www.ciampai.com/,400 clientes,"",2026-01-05T01:37:21.197865
https://www.ciampai.com/,400 clientes,"",2026-01-05T01:37:21.197865
https://www.ciampai.com/,a nivel nacional,"",2026-01-05T01:37:21.197865
https://www.ciampai.com/,a nivel nacional,"",2026-01-05T01:37:21.197865
https://www.ciampai.com/,a nivel nacional,"",2026-01-05T01:37:21.197865
https://www.ciampai.com/,Rutas semanales,"",2026-01-05T01:37:21.197865
https://www.ciampai.com/,Rutas semanales,"",2026-01-05T01:37:21.197865
https://www.ciampai.com/,Rutas semanales,"",2026-01-05T01:37:21.197865
https://www.ciampai.com/,Rutas semanales,"",2026-01-05T01:37:21.197865
https://www.ciampai.com/,por todo el pais,"",2026-01-05T01:37:21.197865
https://www.ciampai.com/,por todo el pais,"",2026-01-05T01:37:21.197865
https://www.ciampai.com/,por todo el pais,"",2026-01-05T01:37:21.197865
https://www.ciampai.com/,Entrega,"",2026-01-05T01:37:21.197865
https://www.ciampai.com/,Entrega,"",2026-01-05T01:37:21.197865
https://www.ciampai.com/,Entrega,"",2026-01-05T01:37:21.197865
https://www.ciampai.com/,Entrega,"",2026-01-05T01:37:21.197865
https://www.ciampai.com/,incluida,"",2026-01-05T01:37:21.197865
https://www.ciampai.com/,incluida,"",2026-01-05T01:37:21.197865
https://www.ciampai.com/,incluida,"",2026-01-05T01:37:21.197865
https://www.ciampai.com/,Flota propia,"",2026-01-05T01:37:21.197865
https://www.ciampai.com/,Flota propia,"",2026-01-05T01:37:21.197865
https://www.ciampai.com/,Flota propia,"",2026-01-05T01:37:21.197865
https://www.ciampai.com/,Flota propia,"",2026-01-05T01:37:21.197865
https://www.ciampai.com/,29.000 kg de capacidad de transporte diario,"",2026-01-05T01:37:21.197865
https://www.ciampai.com/,29.000 kg de capacidad de transporte diario,"",2026-01-05T01:37:21.197865
https://www.ciampai.com/,29.000 kg de capacidad de transporte diario,"",2026-01-05T01:37:21.197865
https://www.ciampai.com/,CONTACTO,"",2026-01-05T01:37:21.197865
https://www.ciampai.com/,CONTACTO,"",2026-01-05T01:37:21.197865
https://www.ciampai.com/,CONTACTO,"",2026-01-05T01:37:21.197865
https://www.ciampai.com/,Venezuela,"",2026-01-05T01:37:21.197865
https://www.ciampai.com/,Venezuela,"",2026-01-05T01:37:21.197865
https://www.ciampai.com/,ventas@ciampai.com,"",2026-01-05T01:37:21.197865
https://www.ciampai.com/,ventas@ciampai.com,"",2026-01-05T01:37:21.197865
https://www.ciampai.com/,ventas@ciampai.com,"",2026-01-05T01:37:21.197865
https://www.ciampai.com/,¡Gracias por tu mensaje!,"",2026-01-05T01:37:21.197865
https://www.ciampai.com/,¡Gracias por tu mensaje!,"",2026-01-05T01:37:21.197865
https://www.ciampai.com/,©2019 por Tesino Investments. Creada con Wix.com,"",2026-01-05T01:37:21.197865
https://www.ciampai.com/,©2019 por Tesino Investments. Creada con Wix.com,"",2026-01-05T01:37:21.197865
https://lagaleriadelquimico.com/producto/acido-acetico/,,"",2026-01-05T01:37:21.197865
https://lagaleriadelquimico.com/producto/acido-citrico/,,"",2026-01-05T01:37:21.197865
https://lagaleriadelquimico.com/producto/acido-clorhidrico-industrial/,,"",2026-01-05T01:37:21.197865
https://lagaleriadelquimico.com/producto/acido-fosforico/,,"",2026-01-05T01:37:21.197865
https://lagaleriadelquimico.com/producto/acido-fosforico-85/,,"",2026-01-05T01:37:21.197865
https://lagaleriadelquimico.com/producto/acido-nitrico-50/,,"",2026-01-05T01:37:21.197865
https://lagaleriadelquimico.com/producto/acido-nitrico-55/,,"",2026-01-05T01:37:21.197865
https://lagaleriadelquimico.com/producto/acido-sulfonico/,,"",2026-01-05T01:37:21.197865
https://lagaleriadelquimico.com/producto/acido-sulfurico-industrial/,,"",2026-01-05T01:37:21.197865
https://lagaleriadelquimico.com/producto/alcohol-isopropilico/,,"",2026-01-05T01:37:21.197865
https://lagaleriadelquimico.com/producto/varsol/,,"",2026-01-05T01:37:21.197865
https://lagaleriadelquimico.com/producto/benzoato-de-sodio/,,"",2026-01-05T01:37:21.197865
https://lagaleriadelquimico.com/producto/bioquat-amonio-cuaternario-50/,,"",2026-01-05T01:37:21.197865
https://lagaleriadelquimico.com/producto/butyl-glicol/,,"",2026-01-05T01:37:21.197865
https://lagaleriadelquimico.com/producto/cloro-granulado-90/,,"",2026-01-05T01:37:21.197865
https://lagaleriadelquimico.com/producto/cloro-pastillas-90/,,"",2026-01-05T01:37:21.197865
https://lagaleriadelquimico.com/producto/cmc-3500-4000-cps-carboximetilcelulosa/,,"",2026-01-05T01:37:21.197865
https://lagaleriadelquimico.com/producto/cmc-4500-5000-cps-carboximetilcelulosa/,,"",2026-01-05T01:37:21.197865
https://lagaleriadelquimico.com/producto/eco-spirit-d40/,,"",2026-01-05T01:37:21.197865
https://lagaleriadelquimico.com/producto/edta-acido-etilendiaminotetraacetico/,,"",2026-01-05T01:37:21.197865
https://lagaleriadelquimico.com/producto/eritorbato-de-sodio/,,"",2026-01-05T01:37:21.197865
https://lagaleriadelquimico.com/producto/formol/,,"",2026-01-05T01:37:21.197865
https://lagaleriadelquimico.com/producto/gelatina-sin-sabor-250-blom/,,"",2026-01-05T01:37:21.197865
https://lagaleriadelquimico.com/producto/glutamato-monosodico/,,"",2026-01-05T01:37:21.197865
https://lagaleriadelquimico.com/producto/goma-xanthan-200-mesh/,,"",2026-01-05T01:37:21.197865
https://lagaleriadelquimico.com/producto/goma-xanthan-80-mesh/,,"",2026-01-05T01:37:21.197865
https://lagaleriadelquimico.com/producto/hipoclorito-de-calcio/,,"",2026-01-05T01:37:21.197865
https://lagaleriadelquimico.com/producto/hipoclorito-de-sodio-permisologia/,,"",2026-01-05T01:37:21.197865
https://lagaleriadelquimico.com/producto/lauril-ether-sulfato-de-sodio/,,"",2026-01-05T01:37:21.197865
https://lagaleriadelquimico.com/producto/metasilicato-de-sodio/,,"",2026-01-05T01:37:21.197865
https://lagaleriadelquimico.com/producto/n-propanol-alcohol-propilico/,,"",2026-01-05T01:37:21.197865
https://lagaleriadelquimico.com/producto/nonil-fenol-10-moles/,,"",2026-01-05T01:37:21.197865
https://lagaleriadelquimico.com/producto/nonil-fenol-6-moles/,,"",2026-01-05T01:37:21.197865
https://lagaleriadelquimico.com/producto/peroxido-de-hidrogeno/,,"",2026-01-05T01:37:21.197865
https://lagaleriadelquimico.com/producto/poliol-polieter/,,"",2026-01-05T01:37:21.197865
https://lagaleriadelquimico.com/producto/potasio-sorbato/,,"",2026-01-05T01:37:21.197865
https://lagaleriadelquimico.com/producto/propianato-de-calcio/,,"",2026-01-05T01:37:21.197865
https://lagaleriadelquimico.com/producto/sal-industrial/,,"",2026-01-05T01:37:21.197865
https://lagaleriadelquimico.com/producto/soda-caustica-en-escamas/,,"",2026-01-05T01:37:21.197865
https://lagaleriadelquimico.com/producto/soda-caustica-liquida/,,"",2026-01-05T01:37:21.197865
https://lagaleriadelquimico.com/producto/tdi-toluene-disocianate/,,"",2026-01-05T01:37:21.197865
https://lagaleriadelquimico.com/producto/tripolifosfato-de-sodio/,,"",2026-01-05T01:37:21.197865
